{"cameraMode":{"drawMode":0,"name":"Shaded","section":"Shading Mode"},"sceneLighting":false,"audioPlay":false,"sceneViewState":{"m_AlwaysRefresh":false,"showFog":true,"showSkybox":false,"showFlares":true,"showImageEffects":true,"showParticleSystems":true,"showVisualEffectGraphs":true,"m_FxEnabled":true},"in2DMode":false,"pivot":{"x":0.14149494469165803,"y":0.46294352412223818,"z":0.4658548831939697},"rotation":{"x":0.12356242537498474,"y":-0.8762512803077698,"z":0.3223856985569,"w":0.33618780970573428},"size":0.19686095416545869,"orthographic":false}