{"cameraMode":{"drawMode":0,"name":"Shaded","section":"Shading Mode"},"sceneLighting":false,"audioPlay":false,"sceneViewState":{"m_AlwaysRefresh":false,"showFog":true,"showSkybox":false,"showFlares":true,"showImageEffects":true,"showParticleSystems":true,"showVisualEffectGraphs":true,"m_FxEnabled":true},"in2DMode":false,"pivot":{"x":0.41632235050201418,"y":0.6917080879211426,"z":-0.2179408073425293},"rotation":{"x":-0.12425141781568527,"y":-0.06155044585466385,"z":0.007495753932744265,"w":-0.990388810634613},"size":1.1074022054672242,"orthographic":false}