{"cameraMode":{"drawMode":0,"name":"Shaded","section":"Shading Mode"},"sceneLighting":false,"audioPlay":false,"sceneViewState":{"m_AlwaysRefresh":false,"showFog":true,"showSkybox":false,"showFlares":true,"showImageEffects":true,"showParticleSystems":true,"showVisualEffectGraphs":true,"m_FxEnabled":true},"in2DMode":false,"pivot":{"x":0.31783705949783327,"y":16.90477180480957,"z":-1.8938162326812745},"rotation":{"x":-0.06486345827579498,"y":-0.9166437983512878,"z":-0.16623932123184205,"w":0.3576474189758301},"size":0.15761643648147584,"orthographic":false}