{"cameraMode":{"drawMode":0,"name":"Shaded","section":"Shading Mode"},"sceneLighting":false,"audioPlay":false,"sceneViewState":{"m_AlwaysRefresh":false,"showFog":true,"showSkybox":true,"showFlares":true,"showImageEffects":true,"showParticleSystems":true,"showVisualEffectGraphs":true,"m_FxEnabled":true},"in2DMode":false,"pivot":{"x":4.61393928527832,"y":0.5034013390541077,"z":16.54448699951172},"rotation":{"x":-0.004705681465566158,"y":0.9946190714836121,"z":-0.06906561553478241,"w":-0.07919473201036453},"size":0.26782289147377016,"orthographic":false}