{"cameraMode":{"drawMode":0,"name":"Shaded","section":"Shading Mode"},"sceneLighting":true,"audioPlay":false,"sceneViewState":{"m_AlwaysRefresh":false,"showFog":true,"showSkybox":false,"showFlares":true,"showImageEffects":true,"showParticleSystems":true,"showVisualEffectGraphs":true,"m_FxEnabled":true},"in2DMode":false,"pivot":{"x":-0.039466749876737598,"y":1.132914423942566,"z":-4.996345043182373},"rotation":{"x":0.1222129613161087,"y":-0.08620453625917435,"z":0.010741963982582093,"w":0.9886743426322937},"size":0.4461507499217987,"orthographic":false}