{"cameraMode":{"drawMode":0,"name":"Shaded","section":"Shading Mode"},"sceneLighting":false,"audioPlay":false,"sceneViewState":{"m_AlwaysRefresh":false,"showFog":true,"showSkybox":false,"showFlares":true,"showImageEffects":true,"showParticleSystems":true,"showVisualEffectGraphs":true,"m_FxEnabled":true},"in2DMode":false,"pivot":{"x":4.264869213104248,"y":-0.0045359134674072269,"z":2.997255325317383},"rotation":{"x":-0.0015723762335255743,"y":-0.49940329790115359,"z":0.0008971135830506682,"w":-0.8663833141326904},"size":4.3657684326171879,"orthographic":false}