{"cameraMode":{"drawMode":0,"name":"Shaded","section":"Shading Mode"},"sceneLighting":false,"audioPlay":false,"sceneViewState":{"m_AlwaysRefresh":false,"showFog":true,"showSkybox":false,"showFlares":true,"showImageEffects":true,"showParticleSystems":true,"showVisualEffectGraphs":true,"m_FxEnabled":true},"in2DMode":false,"pivot":{"x":2.1269688606262209,"y":1.8110898733139039,"z":3.4474446773529054},"rotation":{"x":-0.03523840010166168,"y":0.9646403789520264,"z":-0.19234031438827516,"w":-0.17673027515411378},"size":0.8660253882408142,"orthographic":false}