{"cameraMode":{"drawMode":0,"name":"Shaded","section":"Shading Mode"},"sceneLighting":false,"audioPlay":false,"sceneViewState":{"m_AlwaysRefresh":false,"showFog":true,"showSkybox":false,"showFlares":true,"showImageEffects":true,"showParticleSystems":true,"showVisualEffectGraphs":true,"m_FxEnabled":true},"in2DMode":false,"pivot":{"x":0.31964731216430666,"y":0.39604395627975466,"z":0.3296697735786438},"rotation":{"x":0.13072791695594788,"y":-0.8645777106285095,"z":0.2918536067008972,"w":0.38768309354782107},"size":0.11258330196142197,"orthographic":false}