{"cameraMode":{"drawMode":0,"name":"Shaded","section":"Shading Mode"},"sceneLighting":false,"audioPlay":false,"sceneViewState":{"m_AlwaysRefresh":false,"showFog":true,"showSkybox":false,"showFlares":true,"showImageEffects":true,"showParticleSystems":true,"showVisualEffectGraphs":true,"m_FxEnabled":true},"in2DMode":false,"pivot":{"x":0.24412895739078523,"y":0.3597739636898041,"z":0.267650306224823},"rotation":{"x":-0.11101355403661728,"y":0.8890230059623718,"z":-0.3092864751815796,"w":-0.3191479742527008},"size":0.21650634706020356,"orthographic":false}