{"cameraMode":{"drawMode":0,"name":"Shaded","section":"Shading Mode"},"sceneLighting":false,"audioPlay":false,"sceneViewState":{"m_AlwaysRefresh":false,"showFog":true,"showSkybox":false,"showFlares":true,"showImageEffects":true,"showParticleSystems":true,"showVisualEffectGraphs":true,"m_FxEnabled":true},"in2DMode":false,"pivot":{"x":0.43141621351242068,"y":0.1334328055381775,"z":0.5334384441375732},"rotation":{"x":0.061478231102228168,"y":-0.9237974882125855,"z":0.16815528273582459,"w":0.3385925889015198},"size":0.19686095416545869,"orthographic":false}