{"cameraMode":{"drawMode":0,"name":"Shaded","section":"Shading Mode"},"sceneLighting":false,"audioPlay":false,"sceneViewState":{"m_AlwaysRefresh":false,"showFog":true,"showSkybox":false,"showFlares":true,"showImageEffects":true,"showParticleSystems":true,"showVisualEffectGraphs":true,"m_FxEnabled":true},"in2DMode":false,"pivot":{"x":0.2467326819896698,"y":0.14950665831565858,"z":0.22137407958507539},"rotation":{"x":0.14104245603084565,"y":-0.8587564826011658,"z":0.3353346884250641,"w":0.36110180616378786},"size":0.3273807168006897,"orthographic":false}