{"cameraMode":{"drawMode":0,"name":"Shaded","section":"Shading Mode"},"sceneLighting":false,"audioPlay":false,"sceneViewState":{"m_AlwaysRefresh":false,"showFog":true,"showSkybox":false,"showFlares":true,"showImageEffects":true,"showParticleSystems":true,"showVisualEffectGraphs":true,"m_FxEnabled":true},"in2DMode":false,"pivot":{"x":-0.11115214228630066,"y":0.3023841381072998,"z":1.2463620901107789},"rotation":{"x":0.009118301793932915,"y":-0.9890464544296265,"z":0.1301148682832718,"w":0.07073955237865448},"size":0.21731312572956086,"orthographic":false}