{"cameraMode":{"drawMode":0,"name":"Shaded","section":"Shading Mode"},"sceneLighting":false,"audioPlay":false,"sceneViewState":{"m_AlwaysRefresh":false,"showFog":true,"showSkybox":false,"showFlares":true,"showImageEffects":true,"showParticleSystems":true,"showVisualEffectGraphs":true,"m_FxEnabled":true},"in2DMode":false,"pivot":{"x":-6.424018859863281,"y":2.0494418144226076,"z":-6.015008449554443},"rotation":{"x":0.010259312577545643,"y":0.9615464806556702,"z":-0.27233293652534487,"w":0.03546442091464996},"size":1.7320507764816285,"orthographic":false}