{"cameraMode":{"drawMode":0,"name":"Shaded","section":"Shading Mode"},"sceneLighting":true,"audioPlay":false,"sceneViewState":{"m_AlwaysRefresh":false,"showFog":true,"showSkybox":false,"showFlares":true,"showImageEffects":true,"showParticleSystems":true,"showVisualEffectGraphs":true,"m_FxEnabled":true},"in2DMode":false,"pivot":{"x":-0.09407875686883927,"y":1.0680772066116334,"z":-4.934401512145996},"rotation":{"x":0.14700396358966828,"y":-0.11099554598331452,"z":0.016689913347363473,"w":0.9827262759208679},"size":0.4461507499217987,"orthographic":false}